{"_step":1874,"_wandb":{"runtime":13},"_runtime":13,"epoch":0,"accuracy":0.875,"loss":0.4038611352443695,"_timestamp":1.7835083683045561e+09}