{"accuracy":0.84375,"loss":0.4028443694114685,"_timestamp":1.783508610449876e+09,"_step":18749,"_wandb":{"runtime":137},"_runtime":137,"epoch":9}