{"epoch":0,"_wandb":{"runtime":14},"_runtime":14,"accuracy":0.9375,"loss":0.24313142895698547,"_timestamp":1.783508410971924e+09,"_step":1874}